id,group_id,source,exact,prefix,suffix,anno_type,position_type,start,end,tags,all,origin_tags,comment,user,title,created
zTb69NnYEemr4j9pXNbaVQ,3NabqAPM,https://europepmc.org/articles/PMC2386054/,zinc finger protein,". Furthermore, it is known that ", (ZNF148) binds to the PDGFR [25,TextQuoteSelector,TextPositionSelector,28548,28567,CRT_GP,no,CRT_GP,,acct:vaishnavijpai@hypothes.is,An integrative approach to characterize disease-specific pathways and their coordination: a case study in cancer.,2019-09-18T05:54:38.751666+00:00
yipWtu_6Eemm8WOWT4aftA,3NabqAPM,https://europepmc.org/articles/PMC2386054/,UEGf,"omplement subcomponent C1R/C1S, ",", BMP1 (CUB) domain [23]. Intere",TextQuoteSelector,TextPositionSelector,28205,28209,MIS_GP,no,MIS_GP,,acct:vaishnavijpai@hypothes.is,An integrative approach to characterize disease-specific pathways and their coordination: a case study in cancer.,2019-10-16T09:53:22.140763+00:00
yMNystnZEemn7O-IrqCsjQ,3NabqAPM,https://europepmc.org/articles/PMC2386054/,tumor necrosis factor ,s of this module are related to ,"(TNF), an inflammatory cytokine.",TextQuoteSelector,TextPositionSelector,30466,30488,CRT_GP,no,CRT_GP,,acct:vaishnavijpai@hypothes.is,An integrative approach to characterize disease-specific pathways and their coordination: a case study in cancer.,2019-09-18T06:01:40.897334+00:00
xk4tltnaEemcKwtQ1xQ2AA,3NabqAPM,https://europepmc.org/articles/PMC2386054/,PDGF receptor-like,gree of this module is the gene , (PDGFRL) (degree 11). While its,TextQuoteSelector,TextPositionSelector,27042,27060,MIS_GP,no,MIS_GP,,acct:vaishnavijpai@hypothes.is,An integrative approach to characterize disease-specific pathways and their coordination: a case study in cancer.,2019-09-18T06:08:46.179929+00:00
xAon7tnYEem5lYdOxQ2ahQ,3NabqAPM,https://europepmc.org/articles/PMC2386054/, LRP1 ,"rs of this network module. Also,",is a physiological modulator of ,TextQuoteSelector,TextPositionSelector,28294,28300,CRT_GP,no,CRT_GP,,acct:vaishnavijpai@hypothes.is,An integrative approach to characterize disease-specific pathways and their coordination: a case study in cancer.,2019-09-18T05:54:23.387915+00:00
wSqdvNnWEeml-uM-pglYmw,3NabqAPM,https://europepmc.org/articles/PMC2386054/,blood cancers , specific to solid tumor versus ,or neoplastic cell lines. In the,TextQuoteSelector,TextPositionSelector,24208,24222,WS_DS,no,WS_DS,,acct:vaishnavijpai@hypothes.is,An integrative approach to characterize disease-specific pathways and their coordination: a case study in cancer.,2019-09-18T05:39:59.669910+00:00
wQlsKu_6EemqPk9X5ciWYQ,3NabqAPM,https://europepmc.org/articles/PMC2386054/,transcription factors,tor target relationships of 180 ,. A hypergeometric test was perf,TextQuoteSelector,TextPositionSelector,45900,45921,MIS_GP,no,MIS_GP,,acct:vaishnavijpai@hypothes.is,An integrative approach to characterize disease-specific pathways and their coordination: a case study in cancer.,2019-10-16T09:53:06.808041+00:00
vQtSnNnYEemNDXOOxJW-iA,3NabqAPM,https://europepmc.org/articles/PMC2386054/,BMP1,"ent subcomponent C1R/C1S, UEGf, ", (CUB) domain [23]. Interestingl,TextQuoteSelector,TextPositionSelector,28198,28202,CRT_GP,no,CRT_GP,,acct:vaishnavijpai@hypothes.is,An integrative approach to characterize disease-specific pathways and their coordination: a case study in cancer.,2019-09-18T05:54:11.754309+00:00
uESjXO_6EemF1ldRf0j1ew,3NabqAPM,https://europepmc.org/articles/PMC2386054/,transcription factor,at are predicted to be bound by , ZNF148.(B) A breast tumor netwo,TextQuoteSelector,TextPositionSelector,26571,26591,MIS_GP,yes,[MIS_GP][ALL],,acct:vaishnavijpai@hypothes.is,An integrative approach to characterize disease-specific pathways and their coordination: a case study in cancer.,2019-10-16T09:52:52.188188+00:00
tnXxptnaEemSdT_NJ4RByA,3NabqAPM,https://europepmc.org/articles/PMC2386054/, growth factors , inhibiting the binding of these,to their cell surface receptors ,TextQuoteSelector,TextPositionSelector,27876,27892,WT_GP,no,[WT_GP],,acct:vaishnavijpai@hypothes.is,An integrative approach to characterize disease-specific pathways and their coordination: a case study in cancer.,2019-09-18T06:08:19.691737+00:00
tR3BKNnYEemi1MsO8m9ymQ,3NabqAPM,https://europepmc.org/articles/PMC2386054/,C1S,nal complement subcomponent C1R/,", UEGf, BMP1 (CUB) domain [23]. ",TextQuoteSelector,TextPositionSelector,28187,28190,CRT_GP,yes,[CRT_GP][ALL],,acct:vaishnavijpai@hypothes.is,An integrative approach to characterize disease-specific pathways and their coordination: a case study in cancer.,2019-09-18T05:53:58.441984+00:00
s-aGotnWEemJ0Hs-FMGzpQ,3NabqAPM,https://europepmc.org/articles/PMC2386054/,cancers,ecific to cancer or subtypes of ,. Many of these modules are cons,TextQuoteSelector,TextPositionSelector,9598,9605,CRT_DS,yes,[CRT_DS][ALL],,acct:vaishnavijpai@hypothes.is,An integrative approach to characterize disease-specific pathways and their coordination: a case study in cancer.,2019-09-18T05:39:37.230810+00:00
rRRZ7NnYEemFkt9WocgyoQ,3NabqAPM,https://europepmc.org/articles/PMC2386054/,C1R,erminal complement subcomponent ,"/C1S, UEGf, BMP1 (CUB) domain [2",TextQuoteSelector,TextPositionSelector,28183,28186,CRT_GP,yes,[CRT_GP][ALL],,acct:vaishnavijpai@hypothes.is,An integrative approach to characterize disease-specific pathways and their coordination: a case study in cancer.,2019-09-18T05:53:44.693916+00:00
rQ9sQu_6EemdYNvg2Ho7lA,3NabqAPM,https://europepmc.org/articles/PMC2386054/,multiple cancer,g co-expression relationship in ," datasets, it likely represents ",TextQuoteSelector,TextPositionSelector,21405,21420,CRT_DS,yes,[CRT_DS][ALL],,acct:vaishnavijpai@hypothes.is,An integrative approach to characterize disease-specific pathways and their coordination: a case study in cancer.,2019-10-16T09:52:33.387988+00:00
qSLLvtnaEemVKdedFAv5Nw,3NabqAPM,https://europepmc.org/articles/PMC2386054/,Ras ,s an interaction partner of the ,superfamily member ARL6 [8]. As ,TextQuoteSelector,TextPositionSelector,19088,19092,MIS_GP,no,MIS_GP,,acct:vaishnavijpai@hypothes.is,An integrative approach to characterize disease-specific pathways and their coordination: a case study in cancer.,2019-09-18T06:07:57.210391+00:00
qMGn1NnWEemVJXv6aH7ujQ,3NabqAPM,https://europepmc.org/articles/PMC2386054/,breast cancer,t is predominately activated in , and is involved in tumor suppre,TextQuoteSelector,TextPositionSelector,9816,9829,WS_DS,yes,[WS_DS][ALL],,acct:vaishnavijpai@hypothes.is,An integrative approach to characterize disease-specific pathways and their coordination: a case study in cancer.,2019-09-18T05:39:18.599352+00:00
p5_qkNnXEem5AGMbVR9BvA,3NabqAPM,https://europepmc.org/articles/PMC2386054/,solid tumors,h tends to be activated in only ,. The genes of the module are mo,TextQuoteSelector,TextPositionSelector,24074,24086,CRT_DS,yes,[CRT_DS][ALL],,acct:vaishnavijpai@hypothes.is,An integrative approach to characterize disease-specific pathways and their coordination: a case study in cancer.,2019-09-18T05:46:26.218757+00:00
oBOKVtnYEem0yo89UGtMPA,3NabqAPM,https://europepmc.org/articles/PMC2386054/,CTGF,onnective tissue growth factor (,) has structural similarities wi,TextQuoteSelector,TextPositionSelector,28039,28043,CRT_GP,no,CRT_GP,,acct:vaishnavijpai@hypothes.is,An integrative approach to characterize disease-specific pathways and their coordination: a case study in cancer.,2019-09-18T05:53:22.969631+00:00
n5H92tnWEemY3ltYDtdINA,3NabqAPM,https://europepmc.org/articles/PMC2386054/,cancer,r coordination: a case study in ,"Min Xu,1 Ming-Chih J Kao,2 Juan ",TextQuoteSelector,TextPositionSelector,6445,6451,CRT_DS,yes,[CRT_DS][ALL],,acct:vaishnavijpai@hypothes.is,An integrative approach to characterize disease-specific pathways and their coordination: a case study in cancer.,2019-09-18T05:39:03.248891+00:00
n4XKOtnZEem8zr9g72FMfw,3NabqAPM,https://europepmc.org/articles/PMC2386054/,CTSL1,expressed the highest amount of , splice variant L-A3 [30].Most o,TextQuoteSelector,TextPositionSelector,30387,30392,CRT_GP,no,CRT_GP,,acct:vaishnavijpai@hypothes.is,An integrative approach to characterize disease-specific pathways and their coordination: a case study in cancer.,2019-09-18T06:00:31.614071+00:00
mc2Siu_6Eemoe5d-RGparg,3NabqAPM,https://europepmc.org/articles/PMC2386054/,inflammatory cytokine,"tumor necrosis factor (TNF), an ",. It has been reported that acti,TextQuoteSelector,TextPositionSelector,30511,30532,MIS_GP,no,MIS_GP,,acct:vaishnavijpai@hypothes.is,An integrative approach to characterize disease-specific pathways and their coordination: a case study in cancer.,2019-10-16T09:52:01.010975+00:00
mW4g2NnaEemY4_Mpzin8dg,3NabqAPM,https://europepmc.org/articles/PMC2386054/,PDGF,platelet-derived growth factor (,")-like signaling, more important",TextQuoteSelector,TextPositionSelector,16372,16376,MIS_GP,yes,[MIS_GP][ALL],,acct:vaishnavijpai@hypothes.is,An integrative approach to characterize disease-specific pathways and their coordination: a case study in cancer.,2019-09-18T06:07:30.997635+00:00
mOkYXtnYEemW8UOfPuFZ3A,3NabqAPM,https://europepmc.org/articles/PMC2386054/,connective tissue growth factor,"uscle proliferation [21]. Also, ", (CTGF) has structural similarit,TextQuoteSelector,TextPositionSelector,28006,28037,CRT_GP,no,CRT_GP,,acct:vaishnavijpai@hypothes.is,An integrative approach to characterize disease-specific pathways and their coordination: a case study in cancer.,2019-09-18T05:53:11.021501+00:00
jZxPTO_6Eembgk9A1kZqFg,3NabqAPM,https://europepmc.org/articles/PMC2386054/,collagens,o-expression between PDGFRL and ," COL3A1, COL5A2 and COL6A3. Many",TextQuoteSelector,TextPositionSelector,28977,28986,MIS_GP,no,MIS_GP,,acct:vaishnavijpai@hypothes.is,An integrative approach to characterize disease-specific pathways and their coordination: a case study in cancer.,2019-10-16T09:51:40.454480+00:00
h1bh7NnZEemn68MHtSdi_g,3NabqAPM,https://europepmc.org/articles/PMC2386054/, breast carcinoma,1B may predict the late onset of,", and relapse and death for pati",TextQuoteSelector,TextPositionSelector,30186,30203,CRT_DS,yes,[CRT_DS][ALL],,acct:vaishnavijpai@hypothes.is,An integrative approach to characterize disease-specific pathways and their coordination: a case study in cancer.,2019-09-18T05:59:51.103269+00:00
gnCwztnXEemd8787wVk6nQ,3NabqAPM,https://europepmc.org/articles/PMC2386054/,cancer,ession relationship in multiple ," datasets, it likely represents ",TextQuoteSelector,TextPositionSelector,21401,21407,WS_DS,yes,[WS_DS][ALL],,acct:vaishnavijpai@hypothes.is,An integrative approach to characterize disease-specific pathways and their coordination: a case study in cancer.,2019-09-18T05:45:23.840539+00:00
ggyZENnaEemyo79BM-aS8g,3NabqAPM,https://europepmc.org/articles/PMC2386054/,cancer,to:MethodsDatasetsWe curated 32 , and 23 non-cancer human gene ex,TextQuoteSelector,TextPositionSelector,39186,39192,MIS_DS,yes,[MIS_DS][ALL],,acct:vaishnavijpai@hypothes.is,An integrative approach to characterize disease-specific pathways and their coordination: a case study in cancer.,2019-09-18T06:06:51.649614+00:00
gLKmCu_6EemnfkNOs4Pm2A,3NabqAPM,https://europepmc.org/articles/PMC2386054/,breast tumors, network particularly active in ,", and provide compelling evidenc",TextQuoteSelector,TextPositionSelector,36275,36288,CRT_DS,no,CRT_DS,,acct:vaishnavijpai@hypothes.is,An integrative approach to characterize disease-specific pathways and their coordination: a case study in cancer.,2019-10-16T09:51:18.965520+00:00
deUmzNnYEemv6D912hqMqw,3NabqAPM,https://europepmc.org/articles/PMC2386054/,Cysteine-rich protein,"rfamily signaling. For example, ", (SPARC) binds to PDGF-AB and PD,TextQuoteSelector,TextPositionSelector,27778,27799,CRT_GP,no,CRT_GP,,acct:vaishnavijpai@hypothes.is,An integrative approach to characterize disease-specific pathways and their coordination: a case study in cancer.,2019-09-18T05:52:12.293856+00:00
ce1yjNnXEem9YcvVY-Q-Kg,3NabqAPM,https://europepmc.org/articles/PMC2386054/,Notch1 , MFAP2 binds to a neighbor gene ,and activates it [10].Identifica,TextQuoteSelector,TextPositionSelector,19518,19525,CRT_GP,no,CRT_GP,,acct:vaishnavijpai@hypothes.is,An integrative approach to characterize disease-specific pathways and their coordination: a case study in cancer.,2019-09-18T05:44:56.129901+00:00
bWTDHNnZEemTHdcp5uu47A,3NabqAPM,https://europepmc.org/articles/PMC2386054/, advanced breast cancer,vels of VCAM1 is associated with, [28]; genetic variation in TNFR,TextQuoteSelector,TextPositionSelector,30097,30120,CRT_DS,no,CRT_DS,,acct:vaishnavijpai@hypothes.is,An integrative approach to characterize disease-specific pathways and their coordination: a case study in cancer.,2019-09-18T05:59:07.596535+00:00
aY6VcNnYEem1H681DVTbGg,3NabqAPM,https://europepmc.org/articles/PMC2386054/,PDGFR, to the extracellular domain of ,". Indeed, mutations in PDGFRL ha",TextQuoteSelector,TextPositionSelector,27234,27239,CRT_GP,yes,[CRT_GP][ALL],,acct:vaishnavijpai@hypothes.is,An integrative approach to characterize disease-specific pathways and their coordination: a case study in cancer.,2019-09-18T05:51:51.682723+00:00
_LA4_tnYEemF9z9Q_r-LJQ,3NabqAPM,https://europepmc.org/articles/PMC2386054/,TNFRSF1B,receptor superfamily member 1B (,); vascular cell adhesion molecu,TextQuoteSelector,TextPositionSelector,29740,29748,CRT_GP,yes,[CRT_GP][ALL],,acct:vaishnavijpai@hypothes.is,An integrative approach to characterize disease-specific pathways and their coordination: a case study in cancer.,2019-09-18T05:55:58.374726+00:00
_FYVAtnaEemPCbNvMhTWsg,3NabqAPM,https://europepmc.org/articles/PMC2386054/,CSTL,or 1 (LAIR1); and Cathepsin L1 (,). They are arranged around the ,TextQuoteSelector,TextPositionSelector,29873,29877,MIS_GP,yes,[MIS_GP][ALL],,acct:vaishnavijpai@hypothes.is,An integrative approach to characterize disease-specific pathways and their coordination: a case study in cancer.,2019-09-18T06:10:16.876204+00:00
ZgEoxNnXEem5kp81MeOfMg,3NabqAPM,https://europepmc.org/articles/PMC2386054/,MFAP2,fibrillar-associated protein 2 (,) has long been known to bind to,TextQuoteSelector,TextPositionSelector,19184,19189,CRT_GP,yes,[CRT_GP][ALL],,acct:vaishnavijpai@hypothes.is,An integrative approach to characterize disease-specific pathways and their coordination: a case study in cancer.,2019-09-18T05:44:36.129113+00:00
Z8VyjtnaEemS7nceex9czA,3NabqAPM,https://europepmc.org/articles/PMC2386054/, top 3,alse negatives. We kept only the,",000 hits per matrix, sorted by ",TextQuoteSelector,TextPositionSelector,45757,45763,WT_GP,no,[WT_GP],,acct:vaishnavijpai@hypothes.is,An integrative approach to characterize disease-specific pathways and their coordination: a case study in cancer.,2019-09-18T06:06:07.579789+00:00
Y_fvKO6FEem48CfeYh0GGw,3NabqAPM,https://europepmc.org/articles/PMC2386054/,"tumor suppressor network particularly active in breast tumors, and provide compelling evidence that the hub gene PDGFRL", we have discovered a potential , is a true tumor suppressor gene,TextQuoteSelector,TextPositionSelector,36186,36305,YGD,no,YGD,,acct:vaishnavijpai@hypothes.is,An integrative approach to characterize disease-specific pathways and their coordination: a case study in cancer.,2019-10-14T13:20:28.146111+00:00
XS9QRu6FEem4ZW9vCwKaHg,3NabqAPM,https://europepmc.org/articles/PMC2386054/,"hub genes of modules, PDGFRL and CD163, also show very weak expression similarities across all seven breast cancer","sion patterns. For example, two ", datasets: the average Pearson c,TextQuoteSelector,TextPositionSelector,33028,33142,NGD,no,NGD,,acct:vaishnavijpai@hypothes.is,An integrative approach to characterize disease-specific pathways and their coordination: a case study in cancer.,2019-10-14T13:20:17.009199+00:00
XK8INtnXEem1HDdUqOVH2Q,3NabqAPM,https://europepmc.org/articles/PMC2386054/,microfibrillar-associated protein 2," [8]. As another example, while ", (MFAP2) has long been known to ,TextQuoteSelector,TextPositionSelector,19147,19182,CRT_GP,no,CRT_GP,,acct:vaishnavijpai@hypothes.is,An integrative approach to characterize disease-specific pathways and their coordination: a case study in cancer.,2019-09-18T05:44:20.582229+00:00
Wa47sNnYEem1ypcwYN-1sQ,3NabqAPM,https://europepmc.org/articles/PMC2386054/, POU2F1,be bound by transcription factor,".Most interestingly, we found on",TextQuoteSelector,TextPositionSelector,26827,26834,CRT_GP,yes,[CRT_GP][ALL],,acct:vaishnavijpai@hypothes.is,An integrative approach to characterize disease-specific pathways and their coordination: a case study in cancer.,2019-09-18T05:51:24.976193+00:00
Vky_Fu6FEemzEXer3l-Zsw,3NabqAPM,https://europepmc.org/articles/PMC2386054/,PDGFRL) that may play a central role in this tumor, interrelationships and a gene (, suppressor network.A network mo,TextQuoteSelector,TextPositionSelector,29339,29389,YGD,no,YGD,,acct:vaishnavijpai@hypothes.is,An integrative approach to characterize disease-specific pathways and their coordination: a case study in cancer.,2019-10-14T13:20:05.499343+00:00
UZVdONnXEemyoNdlWR6Vjg,3NabqAPM,https://europepmc.org/articles/PMC2386054/, ARL6,er of the Ras superfamily member," [8]. As another example, while ",TextQuoteSelector,TextPositionSelector,19110,19115,CRT_GP,no,CRT_GP,,acct:vaishnavijpai@hypothes.is,An integrative approach to characterize disease-specific pathways and their coordination: a case study in cancer.,2019-09-18T05:44:01.971280+00:00
UEF3MNnZEemcfONltH6g2A,3NabqAPM,https://europepmc.org/articles/PMC2386054/,CD163, macrophage-associated antigen (,). Several lines of evidence hav,TextQuoteSelector,TextPositionSelector,29940,29945,CRT_GP,yes,[CRT_GP][ALL],,acct:vaishnavijpai@hypothes.is,An integrative approach to characterize disease-specific pathways and their coordination: a case study in cancer.,2019-09-18T05:58:18.730292+00:00
UD8N6u6FEemDHhOtbInn1Q,3NabqAPM,https://europepmc.org/articles/PMC2386054/,breast tumor specific co-expression between PDGFRL,"], [27]). Our module showed the "," and collagens COL3A1, COL5A2 an",TextQuoteSelector,TextPositionSelector,28881,28931,YGD,no,YGD,,acct:vaishnavijpai@hypothes.is,An integrative approach to characterize disease-specific pathways and their coordination: a case study in cancer.,2019-10-14T13:19:55.283537+00:00
TU8ycNnYEemTHM_ZG2lnWA,3NabqAPM,https://europepmc.org/articles/PMC2386054/,ZNF148,e bound by transcription factor ,.(B) A breast tumor network modu,TextQuoteSelector,TextPositionSelector,26579,26585,CRT_GP,yes,[CRT_GP][ALL],,acct:vaishnavijpai@hypothes.is,An integrative approach to characterize disease-specific pathways and their coordination: a case study in cancer.,2019-09-18T05:51:04.272699+00:00
RRw_5u6FEemCoJs3ZYB95g,3NabqAPM,https://europepmc.org/articles/PMC2386054/,PDGFRL expression is decreased in the majority of breast cancer,some transfer found that indeed , cells [19]. Many genes in this ,TextQuoteSelector,TextPositionSelector,27565,27628,YGD,no,YGD,,acct:vaishnavijpai@hypothes.is,An integrative approach to characterize disease-specific pathways and their coordination: a case study in cancer.,2019-10-14T13:19:36.612144+00:00
QmbgINnXEemS6Vtarabd5A,3NabqAPM,https://europepmc.org/articles/PMC2386054/,ARL6IP,tor-like 6 interacting protein (,) are involved in cell division ,TextQuoteSelector,TextPositionSelector,18868,18874,CRT_GP,yes,[CRT_GP][ALL],,acct:vaishnavijpai@hypothes.is,An integrative approach to characterize disease-specific pathways and their coordination: a case study in cancer.,2019-09-18T05:43:36.371504+00:00
Q6x4SNnaEeml_9eadgiAZA,3NabqAPM,https://europepmc.org/articles/PMC2386054/,SP3,", POU2F1 has been found to bind "," [38], which is reported to acti",TextQuoteSelector,TextPositionSelector,31167,31170,CRT_GP,no,CRT_GP,,acct:vaishnavijpai@hypothes.is,An integrative approach to characterize disease-specific pathways and their coordination: a case study in cancer.,2019-09-18T06:05:07.088788+00:00
PxFPiO6FEemusAfF7Skh7w,3NabqAPM,https://europepmc.org/articles/PMC2386054/,"PDGFRL is located in chromosome 8p22-8p21.3, where multiple studies have suggested the existence of a putative breast cancer tumor",ividual cancer samples [12-15]. ," suppressor gene [16], [17], [18",TextQuoteSelector,TextPositionSelector,27295,27425,AMB,no,AMB,,acct:vaishnavijpai@hypothes.is,An integrative approach to characterize disease-specific pathways and their coordination: a case study in cancer.,2019-10-14T13:19:26.375256+00:00
OeyxItnXEemJ0Q-PE4wReQ,3NabqAPM,https://europepmc.org/articles/PMC2386054/,ADP-ribosylation factor-like 6 interacting protein, 33 interacting partners of the , (ARL6IP) are involved in cell d,TextQuoteSelector,TextPositionSelector,18816,18866,WS_GP,no,WS_GP,,acct:vaishnavijpai@hypothes.is,An integrative approach to characterize disease-specific pathways and their coordination: a case study in cancer.,2019-09-18T05:43:22.031774+00:00
OFFwmtnYEemQ2G9IzCWH9A,3NabqAPM,https://europepmc.org/articles/PMC2386054/,membrane proteins,st of them are extracellular or ,", and 23 genes have previously b",TextQuoteSelector,TextPositionSelector,25964,25981,CRT_GP,no,CRT_GP,,acct:vaishnavijpai@hypothes.is,An integrative approach to characterize disease-specific pathways and their coordination: a case study in cancer.,2019-09-18T05:50:28.971625+00:00
O9uI2tnZEemjI0Mn94765w,3NabqAPM,https://europepmc.org/articles/PMC2386054/,Cathepsin L1 ,in-like receptor 1 (LAIR1); and ,(CSTL). They are arranged around,TextQuoteSelector,TextPositionSelector,29859,29872,CRT_GP,no,CRT_GP,,acct:vaishnavijpai@hypothes.is,An integrative approach to characterize disease-specific pathways and their coordination: a case study in cancer.,2019-09-18T05:57:44.414051+00:00
N0jGGtnaEem9ZWfEwPb62w,3NabqAPM,https://europepmc.org/articles/PMC2386054/,CTSL,"oter region of VCAM1, LAIR1 and ", (hypergeometric p-value 0.012).,TextQuoteSelector,TextPositionSelector,31007,31011,CRT_GP,no,CRT_GP,,acct:vaishnavijpai@hypothes.is,An integrative approach to characterize disease-specific pathways and their coordination: a case study in cancer.,2019-09-18T06:04:46.323203+00:00
MazRoO6FEemkQgPVdAkxyw,3NabqAPM,https://europepmc.org/articles/PMC2386054/,"hub genes with unknown functions, we can predict their cancer",n Additional file 2). For those ,-related functions based on thei,TextQuoteSelector,TextPositionSelector,18615,18676,NGD,no,NGD,,acct:vaishnavijpai@hypothes.is,An integrative approach to characterize disease-specific pathways and their coordination: a case study in cancer.,2019-10-14T13:19:03.773355+00:00
LoaCstnYEemjIe-zIJOLzw,3NabqAPM,https://europepmc.org/articles/PMC2386054/, breast tumor,d to be more active in all seven, datasets relative to the rest o,TextQuoteSelector,TextPositionSelector,25523,25536,CRT_DS,yes,[CRT_DS][ALL],,acct:vaishnavijpai@hypothes.is,An integrative approach to characterize disease-specific pathways and their coordination: a case study in cancer.,2019-09-18T05:50:12.544246+00:00
LdTDCtnZEemcwo_gPBsEGA,3NabqAPM,https://europepmc.org/articles/PMC2386054/,LAIR1,immunoglobulin-like receptor 1 (,); and Cathepsin L1 (CSTL). They,TextQuoteSelector,TextPositionSelector,29847,29852,CRT_GP,yes,[CRT_GP][ALL],,acct:vaishnavijpai@hypothes.is,An integrative approach to characterize disease-specific pathways and their coordination: a case study in cancer.,2019-09-18T05:57:20.756298+00:00
KvzLBNnaEemVLSdokzMavQ,3NabqAPM,https://europepmc.org/articles/PMC2386054/,Oct-1,"factor-1 (POU2F1, also known as ",) has been predicted to bind pro,TextQuoteSelector,TextPositionSelector,30937,30942,CRT_GP,no,CRT_GP,,acct:vaishnavijpai@hypothes.is,An integrative approach to characterize disease-specific pathways and their coordination: a case study in cancer.,2019-09-18T06:04:25.709893+00:00
K1uUgO6FEem477u1-4HWdQ,3NabqAPM,https://europepmc.org/articles/PMC2386054/,hub genes fall into two main functional categories: 1) core processes of neoplastic states such as cell division and chromosome organization; or 2) dynamic interactions between cancer,"ncer progression. In fact, most ", cells and their microenvironmen,TextQuoteSelector,TextPositionSelector,18281,18464,NGD,no,NGD,,acct:vaishnavijpai@hypothes.is,An integrative approach to characterize disease-specific pathways and their coordination: a case study in cancer.,2019-10-14T13:18:53.351951+00:00
JzPWbtnXEemTGo-etWW4vg,3NabqAPM,https://europepmc.org/articles/PMC2386054/,cancer progression,ant roles in carcinogenesis and ,". In fact, most hub genes fall i",TextQuoteSelector,TextPositionSelector,18275,18293,WT_DS,no,[WT_DS],,acct:vaishnavijpai@hypothes.is,An integrative approach to characterize disease-specific pathways and their coordination: a case study in cancer.,2019-09-18T05:42:50.790033+00:00
I2B-vtnZEem5lg-gnUF9pQ,3NabqAPM,https://europepmc.org/articles/PMC2386054/, leukocyte-associated immunoglobulin-like receptor 1,ell adhesion molecule 1 (VCAM1);, (LAIR1); and Cathepsin L1 (CSTL,TextQuoteSelector,TextPositionSelector,29793,29845,CRT_GP,no,CRT_GP,,acct:vaishnavijpai@hypothes.is,An integrative approach to characterize disease-specific pathways and their coordination: a case study in cancer.,2019-09-18T05:57:03.311632+00:00
I0P3EO6FEemz_59GJ_WLVA,3NabqAPM,https://europepmc.org/articles/PMC2386054/,"hub genes exhibit a high degree of coordination with many other genes in neoplastic states, and are therefore likely to play important roles in carcinogenesis and cancer ",th only a few “hub” genes. Such ,"progression. In fact, most hub g",TextQuoteSelector,TextPositionSelector,18084,18254,NGD,no,NGD,,acct:vaishnavijpai@hypothes.is,An integrative approach to characterize disease-specific pathways and their coordination: a case study in cancer.,2019-10-14T13:18:39.600138+00:00
HfAJLtnXEem8ylvX851Cqg,3NabqAPM,https://europepmc.org/articles/PMC2386054/, carcinogenesis,ikely to play important roles in, and cancer progression. In fact,TextQuoteSelector,TextPositionSelector,18255,18270,WT_DS,no,[WT_DS],,acct:vaishnavijpai@hypothes.is,An integrative approach to characterize disease-specific pathways and their coordination: a case study in cancer.,2019-09-18T05:42:35.209051+00:00
HVMy_tnaEem1NU88P4stMg,3NabqAPM,https://europepmc.org/articles/PMC2386054/,octamer-binding transcription factor-1,"NF [34].A transcription factor, "," (POU2F1, also known as Oct-1) h",TextQuoteSelector,TextPositionSelector,30875,30913,CRT_GP,no,CRT_GP,,acct:vaishnavijpai@hypothes.is,An integrative approach to characterize disease-specific pathways and their coordination: a case study in cancer.,2019-09-18T06:04:02.675189+00:00
GcYtPNnYEeml_EeFLjkBAA,3NabqAPM,https://europepmc.org/articles/PMC2386054/,solid tumor,"nogenesis, which is specific to ", versus blood cancers or neoplas,TextQuoteSelector,TextPositionSelector,24189,24200,CRT_DS,yes,[CRT_DS][ALL],,acct:vaishnavijpai@hypothes.is,An integrative approach to characterize disease-specific pathways and their coordination: a case study in cancer.,2019-09-18T05:49:37.751667+00:00
G7-HAu6FEem4lENBW3skeg,3NabqAPM,https://europepmc.org/articles/PMC2386054/,cancer and other phenotypes are associated with only a few “hub,relationships differing between ,” genes. Such hub genes exhibit ,TextQuoteSelector,TextPositionSelector,18007,18070,NGD,no,NGD,,acct:vaishnavijpai@hypothes.is,An integrative approach to characterize disease-specific pathways and their coordination: a case study in cancer.,2019-10-14T13:18:27.137455+00:00
Fj0k7NnbEemVLj8a2KgOgw,3NabqAPM,https://europepmc.org/articles/PMC2386054/,macrophage-associated antigen,). They are arranged around the , (CD163). Several lines of evide,TextQuoteSelector,TextPositionSelector,29909,29938,MIS_GP,no,MIS_GP,,acct:vaishnavijpai@hypothes.is,An integrative approach to characterize disease-specific pathways and their coordination: a case study in cancer.,2019-09-18T06:11:00.401252+00:00
EsMZ2NnXEem_JefP7zzcJA,3NabqAPM,https://europepmc.org/articles/PMC2386054/,Huntington's disease," chronic granulomatous disease, ",", inflammatory response). For de",TextQuoteSelector,TextPositionSelector,16803,16823,CRT_DS,no,CRT_DS,,acct:vaishnavijpai@hypothes.is,An integrative approach to characterize disease-specific pathways and their coordination: a case study in cancer.,2019-09-18T05:42:16.414474+00:00
EOlywtnZEemJ0qsEjk17yg,3NabqAPM,https://europepmc.org/articles/PMC2386054/,VCAM1,cular cell adhesion molecule 1 (,); leukocyte-associated immunogl,TextQuoteSelector,TextPositionSelector,29786,29791,CRT_GP,yes,[CRT_GP][ALL],,acct:vaishnavijpai@hypothes.is,An integrative approach to characterize disease-specific pathways and their coordination: a case study in cancer.,2019-09-18T05:56:32.346731+00:00
E8HRQO6FEem0o6tQcDunpw,3NabqAPM,https://europepmc.org/articles/PMC2386054/,"breast cancer specific network module that involved in tumor suppression via platelet-derived growth factor (PDGF)-like signaling, more importantly, a hub gene PDGFRL"," In particular, we identified a ", that may play an important role,TextQuoteSelector,TextPositionSelector,16235,16401,YGD,no,YGD,,acct:vaishnavijpai@hypothes.is,An integrative approach to characterize disease-specific pathways and their coordination: a case study in cancer.,2019-10-14T13:18:13.862864+00:00
ClmLktnXEemDFK_95WOCJg,3NabqAPM,https://europepmc.org/articles/PMC2386054/,chronic granulomatous disease,"to cancer (e.g. normal tissues, ",", Huntington's disease, inflamma",TextQuoteSelector,TextPositionSelector,16772,16801,CRT_DS,no,CRT_DS,,acct:vaishnavijpai@hypothes.is,An integrative approach to characterize disease-specific pathways and their coordination: a case study in cancer.,2019-09-18T05:42:02.447449+00:00
C28qfu6FEemXoCfy3_QVJA,3NabqAPM,https://europepmc.org/articles/PMC2386054/,hub gene PDGFRL that may play an important role in this tumor,"ationships and, particularly, a ", suppressor network.ConclusionUs,TextQuoteSelector,TextPositionSelector,10103,10164,AMB,no,AMB,,acct:vaishnavijpai@hypothes.is,An integrative approach to characterize disease-specific pathways and their coordination: a case study in cancer.,2019-10-14T13:17:59.656651+00:00
B-VpptnZEemN9Nd2xa-zdw,3NabqAPM,https://europepmc.org/articles/PMC2386054/,vascular cell adhesion molecule 1,perfamily member 1B (TNFRSF1B); , (VCAM1); leukocyte-associated i,TextQuoteSelector,TextPositionSelector,29751,29784,WS_GP,no,WS_GP,,acct:vaishnavijpai@hypothes.is,An integrative approach to characterize disease-specific pathways and their coordination: a case study in cancer.,2019-09-18T05:56:17.221450+00:00
AWkz6NnXEemS6Dc0Oh1mgA,3NabqAPM,https://europepmc.org/articles/PMC2386054/,human ,expression networkWe curated 32 ,"microarray datasets (1,764 expre",TextQuoteSelector,TextPositionSelector,16588,16594,CRT_OG,yes,[CRT_OG][ALL],,acct:vaishnavijpai@hypothes.is,An integrative approach to characterize disease-specific pathways and their coordination: a case study in cancer.,2019-09-18T05:41:47.184878+00:00
8qoRztnWEemtJo_Npd0_DA,3NabqAPM,https://europepmc.org/articles/PMC2386054/,platelet-derived growth factor,volved in tumor suppression via ," (PDGF)-like signaling, more imp",TextQuoteSelector,TextPositionSelector,16340,16370,WS_GP,no,WS_GP,,acct:vaishnavijpai@hypothes.is,An integrative approach to characterize disease-specific pathways and their coordination: a case study in cancer.,2019-09-18T05:41:22.711901+00:00
8jcRpNnYEemsEN_Gwi-YUQ,3NabqAPM,https://europepmc.org/articles/PMC2386054/,tumor necrosis factor receptor superfamily member 1B,is network consists of 5 genes: , (TNFRSF1B); vascular cell adhes,TextQuoteSelector,TextPositionSelector,29686,29738,CRT_GP,no,CRT_GP,,acct:vaishnavijpai@hypothes.is,An integrative approach to characterize disease-specific pathways and their coordination: a case study in cancer.,2019-09-18T05:55:40.938549+00:00
8E4c5tnaEem2kzvAWfXBVg,3NabqAPM,https://europepmc.org/articles/PMC2386054/,cell surface receptors ,f these growth factors to their ,[20] and inhibiting PDGF-induced,TextQuoteSelector,TextPositionSelector,27901,27924,MIS_GP,no,MIS_GP,,acct:vaishnavijpai@hypothes.is,An integrative approach to characterize disease-specific pathways and their coordination: a case study in cancer.,2019-09-18T06:09:56.641681+00:00
6xD_sNnZEem3Xv9kIbtXjw,3NabqAPM,https://europepmc.org/articles/PMC2386054/,rat,een reported that activation of , CD163 on peritoneal macrophages,TextQuoteSelector,TextPositionSelector,30561,30564,CRT_OG,no,CRT_OG,,acct:vaishnavijpai@hypothes.is,An integrative approach to characterize disease-specific pathways and their coordination: a case study in cancer.,2019-09-18T06:02:38.445012+00:00
4Ji-_NnYEemr43_BIpakvQ,3NabqAPM,https://europepmc.org/articles/PMC2386054/, COL6A3,"and collagens COL3A1, COL5A2 and",. Many of the above evidences su,TextQuoteSelector,TextPositionSelector,28992,28999,CRT_GP,no,CRT_GP,,acct:vaishnavijpai@hypothes.is,An integrative approach to characterize disease-specific pathways and their coordination: a case study in cancer.,2019-09-18T05:55:11.400904+00:00
3eXWutnWEemQ1rP0jzl8fg,3NabqAPM,https://europepmc.org/articles/PMC2386054/,PDGFRL,is the gene PDGF receptor-like (,) (degree 11). While its precise,TextQuoteSelector,TextPositionSelector,27062,27068,CRT_GP,yes,[CRT_GP][ALL],,acct:vaishnavijpai@hypothes.is,An integrative approach to characterize disease-specific pathways and their coordination: a case study in cancer.,2019-09-18T05:40:47.785272+00:00
3PaJmtnZEemsEkfX6m933w,3NabqAPM,https://europepmc.org/articles/PMC2386054/,TNF,lated to tumor necrosis factor (,"), an inflammatory cytokine. It ",TextQuoteSelector,TextPositionSelector,30489,30492,CRT_GP,yes,[CRT_GP][ALL],,acct:vaishnavijpai@hypothes.is,An integrative approach to characterize disease-specific pathways and their coordination: a case study in cancer.,2019-09-18T06:02:14.692335+00:00
2rgNbNnYEemceneWDsAmRg,3NabqAPM,https://europepmc.org/articles/PMC2386054/,COL5A2,"en PDGFRL and collagens COL3A1, ", and COL6A3. Many of the above e,TextQuoteSelector,TextPositionSelector,28982,28988,CRT_GP,no,CRT_GP,,acct:vaishnavijpai@hypothes.is,An integrative approach to characterize disease-specific pathways and their coordination: a case study in cancer.,2019-09-18T05:55:01.538236+00:00
2AgaztnaEemqb0PeH3K9Nw,3NabqAPM,https://europepmc.org/articles/PMC2386054/,SPARC,"example, Cysteine-rich protein (",) binds to PDGF-AB and PDGF-BB d,TextQuoteSelector,TextPositionSelector,27801,27806,MIS_GP,no,MIS_GP,,acct:vaishnavijpai@hypothes.is,An integrative approach to characterize disease-specific pathways and their coordination: a case study in cancer.,2019-09-18T06:09:16.019007+00:00
0s7AetnWEembnafk_qHU_g,3NabqAPM,https://europepmc.org/articles/PMC2386054/,tumor,reast cancer and is involved in , suppression. While individual c,TextQuoteSelector,TextPositionSelector,9849,9854,CRT_DS,yes,[CRT_DS][ALL],,acct:vaishnavijpai@hypothes.is,An integrative approach to characterize disease-specific pathways and their coordination: a case study in cancer.,2019-09-18T05:40:29.171163+00:00
08IegNnYEemhxbMTW9OfEA,3NabqAPM,https://europepmc.org/articles/PMC2386054/,COL3A1,on between PDGFRL and collagens ,", COL5A2 and COL6A3. Many of the",TextQuoteSelector,TextPositionSelector,28974,28980,CRT_GP,no,CRT_GP,,acct:vaishnavijpai@hypothes.is,An integrative approach to characterize disease-specific pathways and their coordination: a case study in cancer.,2019-09-18T05:54:49.778973+00:00
00oRtO_6EemngMfXIkhpGQ,3NabqAPM,https://europepmc.org/articles/PMC2386054/,vertebrate,sition weight matrices. We used ,"-specific matrices, and chose cu",TextQuoteSelector,TextPositionSelector,45618,45628,MIS_OG,no,MIS_OG,,acct:vaishnavijpai@hypothes.is,An integrative approach to characterize disease-specific pathways and their coordination: a case study in cancer.,2019-10-16T09:53:37.372512+00:00
-zXmTtnZEemO5guIyEOZJw,3NabqAPM,https://europepmc.org/articles/PMC2386054/, mouse, mediator of TNF function in the," ovary [33]. Finally, transcript",TextQuoteSelector,TextPositionSelector,30752,30758,CRT_OG,no,CRT_OG,,acct:vaishnavijpai@hypothes.is,An integrative approach to characterize disease-specific pathways and their coordination: a case study in cancer.,2019-09-18T06:03:05.538716+00:00
